x,y,depth
0.0,1.4,0.018165
0.2,1.4,0.018315
0.4,1.4,0.019225
0.6,1.4,0.020455
0.8,1.4,0.02141
1.0,1.4,0.022045
1.2,1.4,0.02231
1.4,1.4,0.021235
1.6,1.4,0.02382
1.8,1.4,0.022025
2.0,1.4,0.022365
2.2,1.4,0.01984
2.4,1.4,0.01812
2.6,1.4,0.01838
2.8,1.4,0.0183
0.0,1.2,0.0200625
0.2,1.2,0.02112
0.4,1.2,0.023445
0.6,1.2,0.0255975
0.8,1.2,0.02627
1.0,1.2,0.0265125
1.2,1.2,0.0254725
1.4,1.2,0.02488
1.6,1.2,0.0257225
1.8,1.2,0.026735
2.0,1.2,0.02545125
2.2,1.2,0.0230425
2.4,1.2,0.02076375
2.6,1.2,0.0184525
2.8,1.2,0.01874
0.0,1.0,0.0209125
0.2,1.0,0.02217
0.4,1.0,0.0255725
0.6,1.0,0.02808
0.8,1.0,0.0295225
1.0,1.0,0.029575
1.2,1.0,0.0283375
1.4,1.0,0.026655
1.6,1.0,0.02805
1.8,1.0,0.028325
2.0,1.0,0.0270575
2.2,1.0,0.026185
2.4,1.0,0.022325
2.6,1.0,0.019605
2.8,1.0,0.0195725
0.0,0.8,0.0213275
0.2,0.8,0.0236025
0.4,0.8,0.0270475
0.6,0.8,0.029135
0.8,0.8,0.0305175
1.0,0.8,0.03072875
1.2,0.8,0.0293125
1.4,0.8,0.02834
1.6,0.8,0.02958
1.8,0.8,0.0295425
2.0,0.8,0.0283075
2.2,0.8,0.0279775
2.4,0.8,0.02323
2.6,0.8,0.020925
2.8,0.8,0.02011
0.0,0.6,0.02173875
0.2,0.6,0.0247475
0.4,0.6,0.02839
0.6,0.6,0.03038
0.8,0.6,0.0304575
1.0,0.6,0.0306275
1.2,0.6,0.0296475
1.4,0.6,0.02861875
1.6,0.6,0.02895
1.8,0.6,0.0291975
2.0,0.6,0.0289175
2.2,0.6,0.0279275
2.4,0.6,0.023785
2.6,0.6,0.02122
2.8,0.6,0.02035
0.0,0.4,0.0220225
0.2,0.4,0.024995
0.4,0.4,0.0274925
0.6,0.4,0.0297325
0.8,0.4,0.0289075
1.0,0.4,0.029735
1.2,0.4,0.0285775
1.4,0.4,0.02766
1.6,0.4,0.0280275
1.8,0.4,0.0282925
2.0,0.4,0.02857
2.2,0.4,0.0266725
2.4,0.4,0.0237025
2.6,0.4,0.0208675
2.8,0.4,0.02012
0.0,0.2,0.02207
0.2,0.2,0.023375
0.4,0.2,0.02487
0.6,0.2,0.0269425
0.8,0.2,0.02672
1.0,0.2,0.026905
1.2,0.2,0.02662
1.4,0.2,0.02602
1.6,0.2,0.02613125
1.8,0.2,0.02684
2.0,0.2,0.02678
2.2,0.2,0.0250675
2.4,0.2,0.022545
2.6,0.2,0.0204225
2.8,0.2,0.02024875
0.0,0.0,0.021445
0.2,0.0,0.02179875
0.4,0.0,0.0221425
0.6,0.0,0.0234975
0.8,0.0,0.0230375
1.0,0.0,0.02339
1.2,0.0,0.022865
1.4,0.0,0.0228775
1.6,0.0,0.021895
1.8,0.0,0.0227025
2.0,0.0,0.022405
2.2,0.0,0.0219575
2.4,0.0,0.0209425
2.6,0.0,0.02035
2.8,0.0,0.02074
